[20.04.2026 12:07] tunehear | vercachev.ve: sku,Title,Description,Price,DiscountPrice,Quantity,Category,Images,RawAttributes,Visibility,Variant
baldurs_gate_3,Baldur's Gate 3,Глубокая RPG с выбором и сюжетом,150,,1,RPG,https://cdn.cloudflare.steamstatic.com/steam/apps/1086940/header.jpg,,public,
black_myth_wukong,Black Myth Wukong,Экшен по китайской мифологии,180,,1,Action,https://cdn.cloudflare.steamstatic.com/steam/apps/2358720/header.jpg,,public,
cyberpunk_2077,Cyberpunk 2077,Открытый мир в стиле киберпанк,100,,1,RPG,https://cdn.cloudflare.steamstatic.com/steam/apps/1091500/header.jpg,,public,
devil_may_cry_5,Devil May Cry 5,Динамичный слэшер с демонами,120,,1,Action,https://cdn.cloudflare.steamstatic.com/steam/apps/601150/header.jpg,,public,
dont_starve,Don't Starve,Выживание в мрачном мире,60,,1,Survival,https://cdn.cloudflare.steamstatic.com/steam/apps/219740/header.jpg,,public,
dont_starve_together,Don't Starve Together,Кооперативное выживание,70,,1,Survival,https://cdn.cloudflare.steamstatic.com/steam/apps/322330/header.jpg,,public,
dying_light,Dying Light,Паркур и зомби,110,,1,Action,https://cdn.cloudflare.steamstatic.com/steam/apps/239140/header.jpg,,public,
the_escapists_2,The Escapists 2,Побег из тюрьмы,50,,1,Simulation,https://cdn.cloudflare.steamstatic.com/steam/apps/641990/header.jpg,,public,
forza_horizon_4,Forza Horizon 4,Гонки в открытом мире,120,,1,Racing,https://cdn.cloudflare.steamstatic.com/steam/apps/1293830/header.jpg,,public,
forza_horizon_5,Forza Horizon 5,Гонки нового поколения,150,,1,Racing,https://cdn.cloudflare.steamstatic.com/steam/apps/1551360/header.jpg,,public,
frostpunk,Frostpunk,Город в ледяном апокалипсисе,90,,1,Strategy,https://cdn.cloudflare.steamstatic.com/steam/apps/323190/header.jpg,,public,
green_hell,Green Hell,Выживание в джунглях,100,,1,Survival,https://cdn.cloudflare.steamstatic.com/steam/apps/815370/header.jpg,,public,
half_life,Half-Life,Легендарный шутер,40,,1,Shooter,https://cdn.cloudflare.steamstatic.com/steam/apps/70/header.jpg,,public,
hitman_2,HITMAN 2,Стелс-экшен про наёмника,110,,1,Stealth,https://cdn.cloudflare.steamstatic.com/steam/apps/863550/header.jpg,,public,
hearts_of_iron_4,Hearts of Iron IV,Глобальная стратегия,120,,1,Strategy,https://cdn.cloudflare.steamstatic.com/steam/apps/394360/header.jpg,,public,
hogwarts_legacy,Hogwarts Legacy,Приключение в мире Гарри Поттера,140,,1,Adventure,https://cdn.cloudflare.steamstatic.com/steam/apps/990080/header.jpg,,public,
human_fall_flat,Human Fall Flat,Физическая головоломка,60,,1,Indie,https://cdn.cloudflare.steamstatic.com/steam/apps/477160/header.jpg,,public,
jurassic_world_evolution_2,Jurassic World Evolution 2,Симулятор парка динозавров,130,,1,Simulation,https://cdn.cloudflare.steamstatic.com/steam/apps/1244460/header.jpg,,public,
little_nightmares,Little Nightmares,Атмосферный хоррор,80,,1,Horror,https://cdn.cloudflare.steamstatic.com/steam/apps/424840/header.jpg,,public,
little_nightmares_2,Little Nightmares 2,Продолжение хоррора,90,,1,Horror,https://cdn.cloudflare.steamstatic.com/steam/apps/860510/header.jpg,,public,
metro_last_light,Metro Last Light,Постапокалипсис в метро,70,,1,Shooter,https://cdn.cloudflare.steamstatic.com/steam/apps/43160/header.jpg,,public,
no_mans_sky,No Man's Sky,Исследование космоса,130,,1,Adventure,https://cdn.cloudflare.steamstatic.com/steam/apps/275850/header.jpg,,public,
oxygen_not_included,Oxygen Not Included,Колония в космосе,100,,1,Simulation,https://cdn.cloudflare.steamstatic.com/steam/apps/457140/header.jpg,,public,
party_animals,Party Animals,Весёлый кооператив,90,,1,Party,https://cdn.cloudflare.steamstatic.com/steam/apps/1260320/header.jpg,,public,
payday_2,PAYDAY 2,Ограбления с друзьями,60,,1,Shooter,https://cdn.cloudflare.steamstatic.com/steam/apps/218620/header.jpg,,public,
plague_inc,Plague Inc Evolved,Симулятор вируса,70,,1,Simulation,https://cdn.cloudflare.steamstatic.com/steam/apps/246620/header.jpg,,public,
[20.04.2026 12:07] tunehear | vercachev.ve: plants_vs_zombies,Plants vs Zombies,Защита от зомби,50,,1,Strategy,https://cdn.cloudflare.steamstatic.com/steam/apps/3590/header.jpg,,public,
project_zomboid,Project Zomboid,Хардкорное выживание,110,,1,Survival,https://cdn.cloudflare.steamstatic.com/steam/apps/108600/header.jpg,,public,
resident_evil_7,Resident Evil 7 Biohazard,Хоррор от первого лица,120,,1,Horror,https://cdn.cloudflare.steamstatic.com/steam/apps/418370/header.jpg,,public,
resident_evil_village,Resident Evil Village,Продолжение хоррора,130,,1,Horror,https://cdn.cloudflare.steamstatic.com/steam/apps/1196590/header.jpg,,public,
rise_of_the_tomb_raider,Rise of the Tomb Raider,Приключения Лары Крофт,100,,1,Adventure,https://cdn.cloudflare.steamstatic.com/steam/apps/391220/header.jpg,,public,
shadow_of_the_tomb_raider,Shadow of the Tomb Raider,Финал трилогии,110,,1,Adventure,https://cdn.cloudflare.steamstatic.com/steam/apps/750920/header.jpg,,public,
snowrunner,SnowRunner,Симулятор внедорожников,120,,1,Simulation,https://cdn.cloudflare.steamstatic.com/steam/apps/1465360/header.jpg,,public,
stardew_valley,Stardew Valley,Фермерский симулятор,60,,1,Indie,https://cdn.cloudflare.steamstatic.com/steam/apps/413150/header.jpg,,public,
terraria,Terraria,Песочница с крафтом,70,,1,Sandbox,https://cdn.cloudflare.steamstatic.com/steam/apps/105600/header.jpg,,public,
thief_simulator,Thief Simulator,Симулятор вора,80,,1,Simulation,https://cdn.cloudflare.steamstatic.com/steam/apps/704850/header.jpg,,public,
ultimate_epic_battle_simulator,Ultimate Epic Battle Simulator,Массовые битвы,90,,1,Simulation,https://cdn.cloudflare.steamstatic.com/steam/apps/616560/header.jpg,,public,
witcher_3,The Witcher 3 Wild Hunt,RPG с сюжетом,90,,1,RPG,https://cdn.cloudflare.steamstatic.com/steam/apps/292030/header.jpg,,public,
god_of_war,God of War,Экшен про Кратоса,150,,1,Action,https://cdn.cloudflare.steamstatic.com/steam/apps/1593500/header.jpg,,public,
sons_of_the_forest,Sons of the Forest,Выживание с мутантами,140,,1,Survival,https://cdn.cloudflare.steamstatic.com/steam/apps/1326470/header.jpg,,public,
cities_skylines_2,Cities Skylines II,Градостроительный симулятор,150,,1,Simulation,https://cdn.cloudflare.steamstatic.com/steam/apps/949230/header.jpg,,public,
spider_man_remastered,Marvel Spider Man Remastered,Экшен про Человека-паука,160,,1,Action,https://cdn.cloudflare.steamstatic.com/steam/apps/1817070/header.jpg,,public,
beamng_drive,BeamNG.drive,Реалистичная физика авто,120,,1,Simulation,https://cdn.cloudflare.steamstatic.com/steam/apps/284160/header.jpg,,public,
nba_2k26,NBA 2K26,Баскетбольный симулятор,160,,1,Sports,https://cdn.cloudflare.steamstatic.com/steam/apps/2338770/header.jpg,,public,
kenshi,Kenshi,Открытый мир выживания,110,,1,RPG,https://cdn.cloudflare.steamstatic.com/steam/apps/233860/header.jpg,,public,
cs_source,Counter Strike Source,Классический шутер,50,,1,Shooter,https://cdn.cloudflare.steamstatic.com/steam/apps/240/header.jpg,,public,
mafia_2,Mafia II,Криминальная история,90,,1,Action,https://cdn.cloudflare.steamstatic.com/steam/apps/50130/header.jpg,,public,
batman_arkham_origins,Batman Arkham Origins,Экшен про Бэтмена,100,,1,Action,https://cdn.cloudflare.steamstatic.com/steam/apps/209000/header.jpg,,public,
people_playground,People Playground,Физическая песочница,60,,1,Sandbox,https://cdn.cloudflare.steamstatic.com/steam/apps/1118200/header.jpg,,public,
hades_2,Hades II,Рогалик нового поколения,140,,1,Roguelike,https://cdn.cloudflare.steamstatic.com/steam/apps/1145350/header.jpg,,public,
half_life_alyx,Half Life Alyx,VR шутер,150,,1,VR,https://cdn.cloudflare.steamstatic.com/steam/apps/546560/header.jpg,,public,
cities_skylines,Cities Skylines,Классический симулятор города,80,,1,Simulation,https://cdn.cloudflare.steamstatic.com/steam/apps/255710/header.jpg,,public,
silent_hill_2,Silent Hill 2,Психологический хоррор,160,,1,Horror,https://cdn.cloudflare.steamstatic.com/steam/apps/2124490/header.jpg,,public,
[20.04.2026 12:07] tunehear | vercachev.ve: last_of_us_part1,The Last of Us Part I,Сюжетный экшен,170,,1,Action,https://cdn.cloudflare.steamstatic.com/steam/apps/1888930/header.jpg,,public,
cult_of_the_lamb,Cult of the Lamb,Инди рогалик,100,,1,Roguelike,https://cdn.cloudflare.steamstatic.com/steam/apps/1313140/header.jpg,,public,
death_stranding,Death Stranding,Доставка в постапокалипсисе,140,,1,Adventure,https://cdn.cloudflare.steamstatic.com/steam/apps/1190460/header.jpg,,public,
dota_2,Dota 2,MOBA игра,0,,1,MOBA,https://cdn.cloudflare.steamstatic.com/steam/apps/570/header.jpg,,public,
detroit_become_human,Detroit Become Human,Интерактивная история,140,,1,Adventure,https://cdn.cloudflare.steamstatic.com/steam/apps/1222140/header.jpg,,public,
resident_evil_4,Resident Evil 4,Хоррор-экшен,130,,1,Horror,https://cdn.cloudflare.steamstatic.com/steam/apps/2050650/header.jpg,,public,
cs2,Counter Strike 2,Онлайн шутер,0,,1,Shooter,https://cdn.cloudflare.steamstatic.com/steam/apps/730/header.jpg,,public,
minecraft_dungeons,Minecraft Dungeons,Экшен RPG,90,,1,RPG,https://cdn.cloudflare.steamstatic.com/steam/apps/1672970/header.jpg,,public,
mafia_definitive,Mafia Definitive Edition,Ремейк мафии,120,,1,Action,https://cdn.cloudflare.steamstatic.com/steam/apps/1030840/header.jpg,,public,
doom_eternal,Doom Eternal,Быстрый шутер,120,,1,Shooter,https://cdn.cloudflare.steamstatic.com/steam/apps/782330/header.jpg,,public,
cuphead,Cuphead,Хардкор платформер,90,,1,Platformer,https://cdn.cloudflare.steamstatic.com/steam/apps/268910/header.jpg,,public,
dark_souls_3,Dark Souls III,Сложная RPG,130,,1,RPG,https://cdn.cloudflare.steamstatic.com/steam/apps/374320/header.jpg,,public,
call_of_cthulhu,Call of Cthulhu,Мистический хоррор,90,,1,Horror,https://cdn.cloudflare.steamstatic.com/steam/apps/399810/header.jpg,,public,
alan_wake,Alan Wake,Психологический триллер,100,,1,Horror,https://cdn.cloudflare.steamstatic.com/steam/apps/108710/header.jpg,,public,
hades,Hades,Рогалик,100,,1,Roguelike,https://cdn.cloudflare.steamstatic.com/steam/apps/1145360/header.jpg,,public,
uncharted,Uncharted Legacy of Thieves,Приключение,150,,1,Adventure,https://cdn.cloudflare.steamstatic.com/steam/apps/1659420/header.jpg,,public,
resident_evil_5,Resident Evil 5,Экшен с кооперативом,90,,1,Action,https://cdn.cloudflare.steamstatic.com/steam/apps/21690/header.jpg,,public,
helldivers_2,Helldivers II,Кооперативный шутер,150,,1,Shooter,https://cdn.cloudflare.steamstatic.com/steam/apps/553850/header.jpg,,public,
skyrim_se,Skyrim Special Edition,Открытый мир RPG,120,,1,RPG,https://cdn.cloudflare.steamstatic.com/steam/apps/489830/header.jpg,,public,
spore,Spore,Симулятор эволюции,60,,1,Simulation,https://cdn.cloudflare.steamstatic.com/steam/apps/17390/header.jpg,,public,
7_days_to_die,7 Days to Die,Выживание с зомби,100,,1,Survival,https://cdn.cloudflare.steamstatic.com/steam/apps/251570/header.jpg,,public,
resident_evil_6,Resident Evil 6,Экшен хоррор,90,,1,Action,https://cdn.cloudflare.steamstatic.com/steam/apps/221040/header.jpg,,public,
wolfenstein_new_order,Wolfenstein The New Order,Шутер про войну,110,,1,Shooter,https://cdn.cloudflare.steamstatic.com/steam/apps/201810/header.jpg,,public,
assetto_corsa,Assetto Corsa,Автосимулятор,100,,1,Racing,https://cdn.cloudflare.steamstatic.com/steam/apps/244210/header.jpg,,public,
garrys_mod,Garry's Mod,Песочница,80,,1,Sandbox,https://cdn.cloudflare.steamstatic.com/steam/apps/4000/header.jpg,,public,
ghost_of_tsushima,Ghost of Tsushima,Самурайский экшен,170,,1,Action,https://cdn.cloudflare.steamstatic.com/steam/apps/2215430/header.jpg,,public,
resident_evil_2,Resident Evil 2,Ремейк хоррора,130,,1,Horror,https://cdn.cloudflare.steamstatic.com/steam/apps/883710/header.jpg,,public,
civilization_6,Civilization VI,Глобальная стратегия,120,,1,Strategy,https://cdn.cloudflare.steamstatic.com/steam/apps/289070/header.jpg,,public,
silent_hill_f,Silent Hill f,Новый хоррор,180,,1,Horror,https://cdn.cloudflare.steamstatic.com/steam/apps/2670620/header.jpg,,public